{
    "model/1723417373_0.txt": 0.5223433810813273,
    "model/1723417666_0.txt": 0.5223433810813273,
    "model/1724209683_0.txt": 0.5187917378748034,
    "model/1724214680_0.txt": 0.5187375733814577,
    "model/1724217404_0.txt": 0.5147521745813067
}