{
    "model/1723417373_0.txt": 0.5223433810813273,
    "model/1723417666_0.txt": 0.5223433810813273,
    "model/1724209683_0.txt": 0.5187917378748034,
    "model/1724214680_0.txt": 0.5187375733814577,
    "model/1724217404_0.txt": 0.5147521745813067,
    "model/1725589324_0.txt": {
        "score": 0.5129371364779926,
        "loss": 0.6427775508653808,
        "feature_cols": [
            "shot_distance",
            "obfuscation_score"
        ]
    },
    "model/1726113339_0.txt": {
        "score": 0.5119416001246487,
        "loss": 0.6396703835187899,
        "feature_cols": [
            "shot_distance",
            "obfuscation_score",
            "distance_traveled"
        ]
    },
    "model/1727399633_0.txt": {
        "score": 0.5111453996583416,
        "loss": 0.6398064882012483,
        "feature_cols": [
            "shot_distance",
            "obfuscation_score",
            "distance_traveled",
            "binned_distance",
            "binned_obf",
            "binned_trav"
        ]
    },
    "model/1727400597_0.txt": {
        "score": 0.5112284049858065,
        "loss": 0.6404638014273177,
        "feature_cols": [
            "shot_distance",
            "obfuscation_score",
            "distance_traveled",
            "binned_distance",
            "binned_obf",
            "binned_trav"
        ]
    },
    "model/1727402817_0.txt": {
        "score": 0.5071532302965225,
        "loss": 0.6529415597691124,
        "feature_cols": [
            "shot_distance",
            "obfuscation_score",
            "distance_traveled",
            "binned_distance",
            "binned_obf",
            "binned_trav"
        ]
    },
    "model/1727640637_0.txt": {
        "score": 0.5200304868719688,
        "loss": 0.6971468378560974,
        "feature_cols": [
            "shot_distance",
            "obfuscation_score",
            "distance_traveled",
            "shot_angle",
            "time_within_3_feet"
        ]
    },
    "model/1727651525_0.txt": {
        "score": 0.5237603629161741,
        "loss": 0.6751376982830417,
        "feature_cols": [
            "shot_distance",
            "obfuscation_score",
            "distance_traveled",
            "shot_angle",
            "time_within_3_feet"
        ]
    }
}