{
    "model/1723417373_0.txt": 0.5223433810813273,
    "model/1723417666_0.txt": 0.5223433810813273,
    "model/1724209683_0.txt": 0.5187917378748034,
    "model/1724214680_0.txt": 0.5187375733814577,
    "model/1724217404_0.txt": 0.5147521745813067,
    "model/1725589324_0.txt": {
        "score": 0.5129371364779926,
        "loss": 0.6427775508653808,
        "feature_cols": [
            "shot_distance",
            "obfuscation_score"
        ]
    }
}