{
    "model/1723417373_0.txt": 0.5223433810813273,
    "model/1723417666_0.txt": 0.5223433810813273
}